Track URI,Track Name,Album Name,Artist Name(s),Release Date,Duration (ms),Popularity,Explicit,Added By,Added At,Genres,Record Label,Danceability,Energy,Key,Loudness,Mode,Speechiness,Acousticness,Instrumentalness,Liveness,Valence,Tempo,Time Signature
spotify:track:6jX9ysnBl1mVr69HirVFoj,"Anhedonia","Anhedonia","Mark McGuire",2024-11-12,279557,8,false,1210603825,2024-12-02T18:47:46Z,"drone,post-rock,ambient","1845798 Records DK",0.414,0.406,8,-11.908,1,0.0366,0.964,0.93,0.379,0.67,149.863,1
spotify:track:5sG8EHMSFeKdMrDkl5iJtA,"Arrangements, As In Making Them","""I wish I was special""","Guests",2024-04-05,361721,0,false,1210603825,2024-12-02T18:47:46Z,"","World of Echo",0.319,0.35,0,-16.053,1,0.0739,0.921,0.929,0.108,0.122,101.634,4
spotify:track:5EJhFLDKn91L1944XEnl99,"Say you love me","Great Doubt","Astrid Sonne",2024-01-26,247123,35,false,1210603825,2024-12-02T18:47:46Z,"experimental,ambient","Escho",0.627,0.14,7,-16.197,1,0.0267,0.422,0.776,0.0793,0.165,89.838,4
spotify:track:2nvsY770KibeSiLpePtZOQ,"Sugar Snot","One Day","Loidis",2024-08-02,532120,17,false,1210603825,2024-12-02T18:47:46Z,"dub techno","Incienso (EU)",0.805,0.797,8,-10.873,1,0.0676,0.17,0.896,0.1,0.739,123.998,4
spotify:track:6jmcoSuciVydMm5s5QeHvZ,"WORLD IN US","WORLD IN US","GB",2024-05-16,169393,0,false,1210603825,2024-12-02T18:47:46Z,"","Posh Isolation",0.699,0.637,7,-8.623,1,0.0318,0.0998,0.323,0.109,0.489,151.95,4
spotify:track:6K0ZFXWrlBGpYTUqVi9ftS,"Same Life Flowed","The Next 60 Years","Thomas Bush",2024-01-27,225662,2,false,1210603825,2024-12-02T18:47:46Z,"","Jolly Discs",0.606,0.504,9,-9.311,0,0.0314,0.763,0.00105,0.117,0.362,100.038,4
spotify:track:0oMzRdqKUhgw8JIfi9t5BL,"Hanging From The Bridge","Psykos","Yung Lean;Bladee",2024-03-13,187196,39,false,1210603825,2024-12-02T18:47:46Z,"cloud rap,hyperpop","World Affairs",0.466,0.528,2,-11.006,0,0.0314,0.0614,0.345,0.49,0.0944,132.004,4
spotify:track:3W39iQwxBdXs0YwWidsxeF,"Lucky","Lucky","Varg²™;Eartheater;Earth",2024-03-21,203257,15,true,1210603825,2024-12-02T18:47:46Z,"experimental,art pop,drone metal,drone,stoner metal,sludge metal,stoner rock,doom metal,post-rock,space rock","YEAR0001",0.512,0.261,11,-10.46,0,0.0261,0.826,0.0604,0.134,0.18,97.455,4
spotify:track:4fDS9pq0XjGyv2GlQgxgbO,"feminine adornments","my anti-aircraft friend","julie",2024-09-13,253373,53,false,1210603825,2024-12-02T18:47:46Z,"shoegaze","Julie/Atlantic",0.315,0.673,0,-7.327,1,0.0374,0.133,0.0287,0.114,0.161,162.8,4
spotify:track:2ANwXtBugRYigljuV8bpzQ,"Uriel","Scenic Route - Road Less Travelled, Vol​​​.​​​ 2","Mary Jane Dunphe",2024-06-14,171760,0,false,1210603825,2024-12-02T18:47:46Z,"","Scenic Route Records",0.32,0.801,0,-7.272,1,0.0366,0.00771,0.127,0.136,0.0851,119.977,4
spotify:track:2ccAk6Iu7kjZmtE9qbMHEV,"The Horn","Lambda","ZULI",2024-07-05,130479,3,false,1210603825,2024-12-02T18:47:46Z,"jungle,experimental,idm,breakbeat","Subtext",0.253,0.509,0,-12.771,1,0.0453,0.00188,0.0011,0.699,0.266,98.063,3
spotify:track:7LwS72NhmEZUexeShYaDdr,"Five Angels by the Stream","Heart Trio","William Parker;Cooper-Moore;Hamid Drake",2024-06-28,481253,6,false,1210603825,2024-12-02T18:47:46Z,"free jazz,avant-garde,jazz,experimental jazz,gnawa","AUM Fidelity",0.409,0.298,2,-15.025,1,0.0479,0.349,0.82,0.112,0.749,79.672,4
spotify:track:1ouW1xL8QXuDdc5RNQRB6X,"she's lost control again","Backstage Raver","Joanne Robertson;Dean Blunt",2024-05-27,159453,46,false,1210603825,2024-12-02T18:47:46Z,"","WORLD MUSIC",0.234,0.383,4,-12.078,0,0.0351,0.533,0.897,0.119,0.186,177.373,4
spotify:track:2y4BYG0TwjoOuE6potowVE,"Dog's Face","Paint a Room","Chris Cohen",2024-07-12,189593,18,false,1210603825,2024-12-02T18:47:46Z,"neo-psychedelic","Hardly Art",0.609,0.363,11,-10.498,1,0.0329,0.201,0.518,0.0814,0.0485,129.763,4
spotify:track:5bDWUwlkTfiUg3fVZvufzm,"The Bell","Swan Lake","Cindy",2024-10-04,169946,5,false,1210603825,2024-12-02T18:47:46Z,"jangle pop,slowcore","Tough Love Records",0.276,0.148,5,-18.692,1,0.0465,0.937,0.608,0.101,0.157,185.896,3
spotify:track:1c7zCK17SVzA4vSvcIfykI,"Southside Girl","Southside Girl","Jonnine",2024-07-26,177500,3,false,1210603825,2024-12-02T18:47:46Z,"","Modern Love",0.39,0.125,8,-20.33,1,0.0428,0.927,0.00143,0.11,0.0767,179.066,4
spotify:track:7CF5VprtDCoMhH83nX2HhF,"Cameos","Great Times","Panoram",2024-05-17,281232,5,false,1210603825,2024-12-02T18:47:46Z,"","Balmat",0.423,0.585,9,-10.209,0,0.0472,0.9,0.904,0.0936,0.245,176.133,3
spotify:track:6VNvyzWcgWUKsV7MkINTQQ,"Double","Double","Wet",2024-06-21,182761,32,false,1210603825,2024-12-02T18:47:46Z,"","30SF",0.635,0.864,0,-6.519,1,0.0356,0.57,0.00795,0.0826,0.501,144.852,4
spotify:track:1dE8Ms8AVPC4Z0a3d4c8dK,"In Wound and Water","A Thread, Silvered and Trembling","Drew McDowall",2024-05-31,482603,14,false,1210603825,2024-12-02T18:47:46Z,"experimental,electroacoustic,drone,dark ambient,musique concrète,ambient","Dais Records",0.157,0.355,3,-9.452,0,0.036,0.758,0.874,0.111,0.0566,70.715,4
spotify:track:1CO9C5vmZdvB2XX7YuARYm,"Face To Face","Leave Another Day","Milan W.",2024-10-01,262548,0,false,1210603825,2024-12-02T18:47:46Z,"","Stroom",0.358,0.526,4,-9.481,0,0.0292,0.00411,0.731,0.144,0.0987,122.034,4
spotify:track:4D5UmxhPQVhFC83ASxJdx6,"Flowers","When you wake up","Molina",2024-10-11,124715,14,false,1210603825,2024-12-02T18:47:46Z,"","Escho",0.519,0.185,6,-11.999,0,0.0347,0.766,0.0000697,0.131,0.149,105.07,4
spotify:track:5QFP0MDccM5UbRQdza6WNO,"Bizarre","Perfectly Blue","RIP Swirl;Maria Somerville",2024-10-17,128000,21,false,1210603825,2024-12-02T18:47:46Z,"shoegaze,dream pop","In Real Life Music / Heavy Duty Music",0.669,0.928,7,-6.355,1,0.0784,0.00887,0.791,0.117,0.927,146.017,4
spotify:track:2uPGRFWdwmUtYQSSvtRXtk,"Selfsame 02","False 02","Selfsame",2024-10-25,292173,4,false,1210603825,2024-12-02T18:47:46Z,"dub techno","False Aralia",0.873,0.299,10,-19.87,0,0.0813,0.101,0.848,0.0488,0.86,138.023,4
spotify:track:0GOc9oERmvXqizjlpO0UWV,"Écoute Au Loin","The Closest Thing to Silence","Ariel Kalma;Jeremiah Chiu;Marta Sofia Honer",2024-02-02,362893,5,false,1210603825,2024-12-02T18:47:46Z,"new age,ambient,electroacoustic,drone,ambient jazz","International Anthem",0.396,0.284,7,-16.264,0,0.0333,0.979,0.866,0.134,0.122,159.997,4
spotify:track:5NxP2E8kTnYMpuZ9oJKkS8,"Farmer’s Song (Part A)","Farmer’s Song (Part A)","Amirtha Kidambi;Elder Ones",2024-02-27,446943,0,false,1210603825,2024-12-02T18:47:46Z,"experimental jazz,free jazz,avant-garde","We Jazz",0.367,0.595,2,-16.396,1,0.0923,0.577,0.922,0.17,0.368,121.236,4
spotify:track:2rmOObKhTlxq8dl4NucwoV,"Dust from the Mines","Dust from the Mines","Ava Mendoza",2024-10-24,391069,0,false,1210603825,2024-12-02T18:47:46Z,"free jazz,experimental jazz","Palilalia",0.0945,0.595,9,-8.478,0,0.0399,0.883,0.889,0.11,0.211,68.693,4
spotify:track:14Pbm2W3kF8lEc0EGDsdjH,"Lift You","You Never End","Moin;Sophia Al-Maria",2024-10-25,232924,42,false,1210603825,2024-12-02T18:47:46Z,"noise rock,spoken word","AD 93",0.789,0.379,5,-15.398,1,0.0758,0.341,0.277,0.345,0.228,133.001,4
spotify:track:5kxEo5g6OgnVF0OkZmcYOP,"Scout","Prayer in Dub","Body Meπa",2024-10-25,991736,1,false,1210603825,2024-12-02T18:47:46Z,"experimental jazz,post-rock,experimental,ambient jazz","Hausu Mountain",0.183,0.891,2,-8.823,0,0.0672,0.000403,0.931,0.101,0.353,149.752,4
spotify:track:46yLzoEE1YcCSwsTWEpA2M,"Lasik","Viewfinder","Wendy Eisenberg",2024-09-13,347000,9,false,1210603825,2024-12-02T18:47:46Z,"expressionism,free jazz,experimental jazz","American Dreams Records",0.283,0.379,7,-13.622,1,0.0329,0.653,0.0279,0.135,0.119,105.024,4
spotify:track:3XjhOYg7FGEjF2RP0zG8Oz,"Binding","My Method Actor","Nilüfer Yanya",2024-09-13,316628,40,false,1210603825,2024-12-02T18:47:46Z,"","Ninja Tune",0.678,0.445,8,-10.312,1,0.029,0.828,0.0000112,0.111,0.474,84.027,4
spotify:track:41J7LnXfRIdLWSmGUjznpo,"Daffodil - Blue Lake Re-Work","Remixed But Still Not Fixed","Astrel K;Blue Lake",2024-09-06,325000,3,false,1210603825,2024-12-02T18:47:46Z,"krautrock,ambient","Tough Love Records",0.387,0.0303,9,-31.634,0,0.0343,0.849,0.626,0.0783,0.0688,88.863,4
spotify:track:0Zmk6KrmSoYXfKCWN4cTDR,"When the Bakery Has What You Want, and it's Cheap","Fever of the World","Memotone",2024-10-11,221874,6,false,1210603825,2024-12-02T18:47:46Z,"ambient jazz","Soda Gong",0.319,0.166,6,-16.052,1,0.0365,0.869,0.86,0.169,0.0622,75.513,1
spotify:track:4YPHTO8MF1cZ37xdPnRDm4,"Listen To","When It Rains It Pours","Farida Amadou",2024-09-06,708000,3,false,1210603825,2024-12-02T18:47:46Z,"noise music,experimental,free jazz","Week-End Records",0.471,0.458,9,-11.977,0,0.13,0.353,0.88,0.0785,0.235,170.869,4
spotify:track:4K2hu1I4tuRpgDLiNTTEi2,"BYE BYE","BYE BYE","Kim Gordon",2024-01-16,254000,27,false,1210603825,2024-12-02T18:47:46Z,"noise rock","Matador",0.586,0.422,7,-8.71,0,0.028,0.000519,0.559,0.127,0.0365,145.996,4
spotify:track:5S2wQ0sVsZuBSqHvmrD8xe,"European Cardboard","Basic Editions","Dean Spunt",2024-09-27,198500,2,false,1210603825,2024-12-02T18:47:46Z,"experimental","Drag City",0.755,0.434,11,-15.888,0,0.0764,0.288,0.849,0.101,0.531,92.17,4
spotify:track:6kvYlDN7rVedMOE7VxeQGg,"Blinkmoth (July Mix)","Hypersoft Lovejinx Junkdream","james K",2024-11-19,423911,14,false,1210603825,2024-12-05T21:38:34Z,"","AD 93",0.587,0.687,4,-10.057,0,0.0584,0.106,0.418,0.344,0.327,89.998,4
spotify:track:3VjCT0KKoyuvwUuWR47IG1,"Streetcorn","Contrahouse","Contrahouse;Guerrinha;Pessoas Que Eu Conheço;Bruce Hornsby;Konradsen",2024-02-16,502469,5,false,1210603825,2024-12-02T18:47:46Z,"experimental,ambient jazz,experimental jazz,indie jazz,bluegrass","ULYSSA",0.705,0.626,5,-11.815,0,0.0327,0.414,0.328,0.0603,0.832,134.975,4
spotify:track:5fNZqYEEFKISOK67eoVMJs,"VI","Forest Hills","Tegu",2024-01-05,230086,1,false,1210603825,2024-12-02T18:47:46Z,"ambient","Not Not Fun",0.122,0.174,1,-14.953,1,0.0457,0.995,0.0149,0.348,0.0388,178.71,1
spotify:track:3osNWyAjlf1AWPtatunyS4,"idle citi","Essential Mixtape","Merely;Malibu",2024-11-15,413880,30,false,1210603825,2024-12-06T18:33:53Z,"ambient,drone","YEAR0001",0.0819,0.291,5,-16.604,1,0.0335,0.797,0.576,0.0829,0.0368,83.781,5
spotify:track:5NkaC8eKyTstQITrjowFDq,"I Found You in the Cloud","I Found You in the Cloud","Antonina Nowacka",2024-05-10,399783,0,false,1210603825,2024-12-02T18:47:46Z,"ambient,ambient jazz,drone","Mondoj",0.194,0.246,7,-14.61,1,0.0412,0.956,0.894,0.112,0.0345,138.011,4
spotify:track:2HwPbhzKbOT0Tfa5QAXSER,"Continuum 1","Continuum 1","Nala Sinephro",2024-08-07,433750,29,false,1210603825,2024-12-02T18:47:46Z,"ambient jazz,ambient,experimental jazz,nu jazz","Warp Records",0.378,0.244,8,-20.344,0,0.039,0.794,0.875,0.11,0.128,101.714,4
spotify:track:77so4hF0wca8PnpxeeRqyV,"Dreamliner","Dreamliner","Gi Gi",2024-09-27,382135,8,false,1210603825,2024-12-02T18:47:46Z,"ambient,drone","Quiet Time Tapes",0.429,0.793,9,-9.184,0,0.031,0.197,0.593,0.0853,0.0384,103,4
spotify:track:3Fau145nAk3Xl16tMHQ15w,"Lia","Shyness","chantssss",2024-09-06,222625,0,false,1210603825,2024-12-02T18:47:46Z,"","Theory Therapy",0.199,0.248,4,-19.202,0,0.03,0.918,0.971,0.121,0.0454,77.858,4
spotify:track:1Axh5ObQpRGHFm6yItBcrF,"You Don't Know Me","Blueprints","Ammonite",2024-05-08,166726,1,false,1210603825,2024-12-02T18:47:46Z,"","Ransom Note Records",0.104,0.332,9,-12.832,1,0.0354,0.982,0.348,0.438,0.053,63.015,3
spotify:track:7AhVR5mVp0EEhOXcvyW2Gp,"Cry","Exploitation Occident","Bergsonist",2024-03-15,216296,1,false,1210603825,2024-12-02T18:47:46Z,"","Bergsonist",0.694,0.421,2,-13.746,1,0.0327,0.474,0.897,0.113,0.0791,128.018,4
spotify:track:6jdkvEvb9FvXVliedJVcCW,"newdiv","You're Only Young Once But You Can Be Stupid Forever","Bogdan Raczynski",2024-10-18,184986,0,false,1210603825,2024-12-02T18:47:46Z,"idm,breakcore,glitch","Disciples",0.664,0.929,4,-6.912,0,0.0409,0.0254,0.867,0.0766,0.774,119.985,4
spotify:track:2nfzw9Rrs4PJtftGYQ5Cgj,"take me back to the astral world","immaculate","assassin",2024-04-12,485047,0,false,1210603825,2024-12-02T18:47:46Z,"","Wain Records",0.447,0.667,7,-15.077,1,0.521,0.351,0.911,0.165,0.131,189.834,4
spotify:track:2PNW2cB7Br6doT9eSJ9yr2,"Manovra Di Gravità","Laika and Ulka Were Here","Julia Govor",2024-03-01,301714,0,false,1210603825,2024-12-02T18:47:46Z,"","Semantica Records",0.521,0.786,6,-7.299,0,0.139,0.0974,0.938,0.0932,0.203,139.989,4
spotify:track:1y8NHeywBKHn5mDE0t8jc4,"Signo","Signo (Part of Dekmantel Ten: A Decade of Dekmantel Festival - Radar)","Polygonia",2024-07-11,363533,9,false,1210603825,2024-12-04T21:37:02Z,"dub techno,idm,minimal techno","Dekmantel",0.833,0.647,6,-9.797,1,0.0899,0.00172,0.851,0.101,0.229,138.991,4
spotify:track:7vHey6z5IqGTUNYZDFnoRY,"Staying with the Trouble","Volta","Loula Yorke",2024-01-19,395000,2,false,1210603825,2024-12-02T18:47:46Z,"musique concrète,ambient,drone","Truxalis",0.326,0.538,7,-11.539,1,0.0344,0.827,0.929,0.467,0.263,181.557,4
spotify:track:0aDFNvWSPPkl6040O57jPf,"Betelgeuse","My Light, My Destroyer","Cassandra Jenkins",2024-07-12,174358,19,false,1210603825,2024-12-02T18:47:46Z,"","Dead Oceans",0.323,0.245,0,-18.882,1,0.0423,0.954,0.116,0.107,0.109,101.028,3
spotify:track:3E6cVnr322MhBhmIyKEheG,"Love Can Be So Easy","Vasarė / Love Can Be So Easy","emer;Ugnė Uma",2024-07-16,229000,0,false,1210603825,2024-12-02T18:47:46Z,"dub techno,ambient jazz","Stroom",0.53,0.438,8,-12.198,0,0.0434,0.486,0.0436,0.109,0.426,119.867,4
spotify:track:5BPO11Ur5d3GIU5dRXJRbx,"Now That I Know U","Estrella Por Estrella","Joshua Chuquimia Crampton",2024-07-17,347739,19,false,1210603825,2024-12-02T18:47:46Z,"neo-psychedelic","Joshua Chuquimia Crampton",0.218,0.626,1,-7.546,1,0.0313,0.948,0.945,0.12,0.0946,141.353,4
spotify:track:5w5YZThDOGwskczdLV5fel,"This Was A Gift","This Was A Gift","Florist",2024-10-01,202500,17,false,1210603825,2024-12-02T18:47:46Z,"","Double Double Whammy",0.608,0.347,0,-11.388,1,0.0311,0.863,0.00188,0.331,0.22,137.644,4
spotify:track:4oOjNmOrlZyZgzOEwof2mb,"Passageway","Passageway","Nap Eyes",2024-07-30,224436,1,false,1210603825,2024-12-02T18:47:46Z,"","Paradise of Bachelors",0.602,0.332,0,-12.316,1,0.0307,0.285,0.000721,0.0965,0.306,122.858,4
spotify:track:5DgtHHvcK4wMICjbRgqpmR,"Nysian Fields","Demeter in Aexone","Sissi Rada",2024-10-18,98000,3,false,1210603825,2024-12-02T18:47:46Z,"ambient jazz","Kryptox",0.56,0.373,7,-12.872,0,0.0799,0.991,0.925,0.103,0.153,141.635,4
spotify:track:0rcLst2ds52RHVO4wHnW3Q,"Govinda P","Naya","Dawuna",2024-11-15,148243,12,false,1210603825,2024-12-02T18:47:46Z,"","Sun Royalle",0.555,0.106,9,-20.834,0,0.0325,0.961,0.0264,0.114,0.188,80.089,3
spotify:track:4NdfCp3ZZ7PgqXhkvC5s19,"Steady As I Am","Duppy Gun","John Glacier",2024-06-20,134545,5,false,1210603825,2024-12-02T18:47:46Z,"experimental hip hop","Young",0.685,0.763,1,-6.92,0,0.277,0.0888,0.175,0.275,0.584,132,4
spotify:track:5MssMfTSURfl8FaHlNqbZR,"Today’s Iconoclast","Disaster Trick","Horse Jumper of Love",2024-08-16,183386,21,true,1210603825,2024-12-02T18:47:46Z,"slowcore,shoegaze","Run For Cover Records",0.45,0.624,11,-6.905,0,0.0292,0.188,0.853,0.0732,0.642,138.113,4
spotify:track:18Guw3e7xcfpZQhxDsARbT,"That Kind","Unwell","Be Safe",2024-01-19,248000,2,false,1210603825,2024-12-02T18:47:46Z,"post-hardcore,midwest emo","Count Your Lucky Stars",0.469,0.47,7,-10.716,0,0.0409,0.217,0.205,0.116,0.187,83.958,4
spotify:track:7kN3xKqRtMQEnhxCK5d5Ih,"Song Of The Lake","Wild God","Nick Cave & The Bad Seeds",2024-08-30,216586,43,false,1210603825,2024-12-02T18:47:46Z,"","Play It Again Sam",0.166,0.725,3,-5.273,1,0.0501,0.0299,0.353,0.0496,0.466,148.766,3
spotify:track:5i3h1TIZUDwJOa3mZ9G9l2,"Beautiful Horses","I Wanna Run Barefoot Through Your Hair","Christopher Owens",2024-10-18,303052,0,false,1210603825,2024-12-08T03:24:59Z,"","True Panther/Virgin",0.424,0.63,4,-6.159,1,0.0307,0.0924,0.0302,0.253,0.413,118.473,3
spotify:track:4ge3prWZylb23cIXLfMfx6,"Watersprite","Big For You","Zsela",2024-06-14,230404,0,false,1210603825,2024-12-02T18:47:46Z,"","Mexican Summer",0.56,0.312,8,-11.461,0,0.0383,0.301,0.032,0.17,0.116,124.043,4
spotify:track:62BeHdQcwSUaJz0Tdwx1DS,"Heavy Blossom","Odd Balade","Tryphème",2024-06-21,251115,1,false,1210603825,2024-12-02T18:47:46Z,"idm,experimental","Impatience",0.519,0.592,3,-10.322,1,0.0291,0.0109,0.2,0.112,0.33,109.035,4
spotify:track:5WoskChGKC1yWUamS6PSBp,"Aliens Calling","Songs of the Red Dragon","Croche",2024-06-10,206917,1,false,1210603825,2024-12-02T18:47:46Z,"","Fondation Petya Sasser Rike",0.308,0.274,8,-13.784,1,0.0272,0.732,0.0128,0.102,0.173,84.95,3
spotify:track:4ZSm2UvemRF06ktBRTx5ty,"Stockholm - DJ Python Remix","Stockholm (DJ Python Remix)","Baba Stiltz;DJ Python",2024-06-20,474417,14,false,1210603825,2024-12-02T18:47:46Z,"lo-fi house,dub techno,idm","Public Possession",0.755,0.224,1,-14.204,1,0.0541,0.916,0.934,0.0878,0.341,166.033,4
spotify:track:6mBnYeJ9rAhDdEK8qXrheT,"Coyotes","Resuscitate!","Bill Callahan",2024-07-26,765200,21,false,1210603825,2024-12-02T18:47:46Z,"alt country","Drag City",0.305,0.656,2,-10.211,1,0.038,0.000644,0.571,0.681,0.333,117.671,4
spotify:track:7LzLgrM3UCNb0mopYtPsP0,"On Repeat","New Age Prayer","Taraneh",2024-04-20,141601,18,false,1210603825,2024-12-02T18:47:46Z,"","Kiss Me I'm Famous",0.596,0.714,0,-8.781,0,0.0323,0.172,0.843,0.104,0.728,111.013,4
spotify:track:6iCK2GoKjtYXVTUrozM5sX,"I Marry Myself Today","I Marry Myself Today","The Starseeds",2024-06-13,347293,0,false,1210603825,2024-12-02T18:47:46Z,"trip hop,downtempo","the starseeds.net - copyrights by Regina Dannhof - written by Regina Dannhof, Composer, Lyricist, Producer & Alex McGowan, composer, producer",0.61,0.57,7,-14.939,1,0.0477,0.0693,0.0391,0.126,0.564,94.432,4
spotify:track:5R0hAD4G0ISTlHjWhcp9Sc,"light decline","light decline","great area",2024-04-12,163000,15,false,1210603825,2024-12-05T14:21:02Z,"","Relaxin Records",0.593,0.418,5,-9.87,0,0.0678,0.363,0.000914,0.0722,0.408,80.008,4
spotify:track:5IesmpBd74bivgfYZSpccC,"Raining On Your Pillow","Frog In Boiling Water","DIIV",2024-05-24,233000,38,false,1210603825,2024-12-02T18:47:46Z,"shoegaze,dream pop","Fantasy",0.457,0.606,0,-6.661,1,0.0305,0.179,0.935,0.139,0.155,103.017,4
spotify:track:54S6r4DbRtFnvdIypPISx6,"Shaking off the Ice","Trash Can Lamb","K. Freund",2024-05-17,263626,3,false,1210603825,2024-12-02T18:47:46Z,"ambient jazz,ambient","Soda Gong",0.328,0.232,1,-17.459,1,0.0382,0.965,0.782,0.128,0.313,75.758,3
spotify:track:7tHe5Osn7M86bxWDeNo0A0,"Lead to Curse","All to None","Gyeongsu;June",2024-06-26,441503,16,false,1210603825,2024-12-02T18:47:46Z,"","Deardogs",0.309,0.466,10,-12.382,1,0.0542,0.354,0.725,0.0849,0.139,131.809,4
spotify:track:2Zf5G5rWohfPPlszFwhwjS,"Key and String","Tongue in the Mind","Tongue in the Mind",2024-05-17,513541,1,false,1210603825,2024-12-02T18:47:46Z,"","PAN",0.419,0.741,1,-10.572,1,0.247,0.0193,0.000962,0.532,0.208,194.093,4
spotify:track:3OEnErw6z4DGjfiWefhg75,"M M M","If I don't make it, I love u","Still House Plants",2024-04-12,346481,0,false,1210603825,2024-12-02T18:47:46Z,"","Bison Records",0.252,0.814,1,-4.93,1,0.109,0.0276,0.665,0.117,0.174,158.863,3
spotify:track:7tzDwhlzkamwtbHFXLzmOV,"Spiral in Houston","Psychedelic Anxiety","Frances Chang",2024-02-16,256359,2,false,1210603825,2024-12-02T18:47:46Z,"","Ramp Local",0.543,0.307,5,-15.816,0,0.114,0.64,0.531,0.0765,0.201,118.178,4
spotify:track:29sJYDn82kVJiLwjMVe44J,"Kriauklė","From 01 to 04","Ugnė Uma",2024-05-14,70104,0,false,1210603825,2024-12-02T18:47:46Z,"ambient jazz","Ugnė Matulevičiūtė",0.497,0.0119,3,-30.411,0,0.0447,0.947,0,0.147,0.248,73.939,5
spotify:track:5wYsTtdq2c7ljXp4bIpfmH,"hi","Rapstar* - Side A","NEW YORK;Lolina",2024-07-12,132480,29,false,1210603825,2024-12-02T18:47:46Z,"electroclash,experimental,art pop","Relaxin Records",0.934,0.262,1,-16.053,1,0.125,0.216,0.517,0.124,0.34,124.948,4
spotify:track:1RKRryqFhn1SoKaBRW32f6,"Tales","Intro / Tales","NEXCYIA",2024-01-22,197266,0,false,1210603825,2024-12-02T18:47:46Z,"dark ambient,electroacoustic,ambient,experimental,drone","Pensaments Sònics",0.362,0.645,6,-10.625,1,0.0494,0.372,0.914,0.116,0.134,124.999,5
spotify:track:2oA82cpT0pIr2fa1jSlMdN,"SM_FID","You Said You'd Hold My Hand Through The Fire","Iceboy Violet;Nueen",2024-06-07,144746,2,false,1210603825,2024-12-02T18:47:46Z,"neoperreo,experimental hip hop,experimental,ambient","Hyperdub",0.377,0.546,5,-14.204,1,0.45,0.217,0.857,0.129,0.253,203.508,3
spotify:track:4YDRuByhbc2xm152ZKryeJ,"Dream III","Dreams & Whispers","Bartosz Kruczyński",2024-06-28,182450,34,false,1210603825,2024-12-02T18:47:46Z,"ambient","Balmat",0.535,0.352,7,-19.353,0,0.0984,0.823,0.948,0.0896,0.0845,180.005,3
spotify:track:3Vko1ZdAktsRbkMqix3TcI,"when I am real","silver dawn","Zosha Warpeha",2024-05-03,218897,1,false,1210603825,2024-12-02T18:47:46Z,"contemporary classical,spoken word,avant-garde","Relative Pitch Records",0.218,0.103,5,-17.383,1,0.0513,0.963,0.00000566,0.345,0.039,92.359,3
spotify:track:0jr8aFMVtcszt4aiky7U5Q,"Out of the corner of the eye - Live","Four Guitars Live","Bill Orcutt",2024-03-22,502389,3,false,1210603825,2024-12-02T18:47:46Z,"free jazz,experimental jazz,electroacoustic,experimental,avant-garde","Palilalia",0.268,0.413,2,-10.056,1,0.0327,0.541,0.842,0.656,0.165,135.013,4
spotify:track:4FR2cwINgQbtJ8j2sAsO3e,"Fe","Fe","Las Palabras",2024-11-15,254066,2,false,1210603825,2024-12-02T18:47:46Z,"","La Castanya",0.332,0.151,4,-13.727,1,0.0323,0.885,0.00303,0.197,0.251,78.277,4
spotify:track:4Zl0FwwXFujfHVrTYyLNA0,"ways of being","a pool, a portal","Tristan Arp;Mabe Fratti",2024-10-25,245835,5,false,1210603825,2024-12-05T18:34:58Z,"idm,experimental jazz,art pop,baroque pop,experimental,electroacoustic","Wisdom Teeth",0.678,0.482,0,-11.115,0,0.031,0.52,0.712,0.108,0.486,120.045,4
spotify:track:2wrsYTIvKddVavmR1TSnon,"cocoapayol","tabanca","dru-1",2024-07-19,118260,1,false,1210603825,2024-12-02T18:47:46Z,"","Yegorka",0.767,0.889,11,-4.21,1,0.1,0.0189,0.887,0.107,0.416,137.989,4
spotify:track:3644SIPnPErdFjrcujOQtq,"Pulse Ten","Pulse Phase EP","Peverelist",2024-05-17,308945,6,false,1210603825,2024-12-02T18:47:46Z,"dubstep,uk funky,dub techno","Livity Sound Recordings",0.803,0.915,10,-9.594,0,0.0652,0.0455,0.968,0.0903,0.534,127.992,4
spotify:track:6gi85vIjiHFFDgfSp7UiHp,"Zephyr","Remnants","Lara Sarkissian",2024-11-15,233625,3,false,1210603825,2024-12-02T18:47:46Z,"experimental","btwn Earth+Sky",0.629,0.863,1,-10.436,1,0.0553,0.00942,0.846,0.115,0.224,119.991,4
spotify:track:4mZvW40n4uYK8f06Be7bxN,"Frekm, Pt. 2","Meaning's Edge","DjRUM",2024-11-22,492267,16,false,1210603825,2024-12-02T18:47:46Z,"idm,dub techno,breakbeat","Houndstooth",0.36,0.848,4,-10.615,0,0.0487,0.39,0.889,0.0968,0.0375,134.019,4
spotify:track:5aLwseyHgPRxyzqlCfIqal,"Open Door","Trellis","Lifted",2024-11-22,293265,5,false,1210603825,2024-12-02T18:47:46Z,"ambient jazz,idm","Peak Oil",0.518,0.287,0,-16.472,1,0.0785,0.941,0.649,0.0838,0.103,118.522,4
spotify:track:6rBb61WzgdQuzHYYg83tiF,"Another Space","Recollection","Earthen Sea",2024-11-15,267373,5,false,1210603825,2024-12-02T18:47:46Z,"dub techno,ambient,drone","kranky",0.431,0.33,9,-16.526,0,0.0279,0.71,0.913,0.216,0.168,99.913,4
spotify:track:649dDshUGbhHlj5262drH9,"Promise","Plays John Coltrane and Langston Hughes","Raphael Roginski",2024-09-27,292440,4,false,1210603825,2024-12-02T19:10:10Z,"ambient folk,experimental jazz,free jazz","Unsound",0.533,0.114,10,-16.168,1,0.0503,0.987,0.918,0.112,0.115,51.45,3
spotify:track:1jbetJmsFqFcAAQrjUbpYo,"Bitterroot Valley Suite II: Tree","Swallowtail","Jim White;Marisa Anderson",2024-05-10,335193,9,false,1210603825,2024-12-05T00:55:36Z,"ambient folk,experimental jazz,anti-folk","Thrill Jockey",0.262,0.578,2,-14.903,1,0.045,0.669,0.827,0.11,0.172,143.147,4
spotify:track:5EPBLXsdyBeWQDbysok2lp,"If I Cut The Wings Off A Fly","Big Smile, Black Mire","urika's bedroom",2024-11-01,171360,0,false,1210603825,2024-12-02T18:47:46Z,"","True Panther/Virgin",0.331,0.249,8,-14.915,1,0.0387,0.527,0.84,0.112,0.261,98.644,5
spotify:track:6xhhOKhvtmRXsFpzeHabbr,"November Rain","Night Palace","Mount Eerie",2024-11-01,135746,20,false,1210603825,2024-12-02T18:47:46Z,"slowcore,anti-folk,indie folk","P.W. Elverum & Sun",0.535,0.391,2,-11.44,1,0.0373,0.561,0.000198,0.155,0.337,129.287,4
spotify:track:4AospY5fjmrrNpqoKPWBXU,"Reprise Rest Rain","Original Spring","Adelyn Strei",2024-11-15,287117,1,false,1210603825,2024-12-02T18:47:46Z,"","Mtn Laurel Recording Co.",0.248,0.449,7,-12.388,1,0.0366,0.966,0.872,0.135,0.145,72.602,4
spotify:track:15xJ6zPgCOv0MNsoI9TIhG,"23rd & Jackson Water Pipe Restoration Tunnel","Out Under Streets","Bug Bus Piano",2024-09-30,356902,0,false,1210603825,2024-12-05T01:57:25Z,"drone,drone metal,ambient,plunderphonics","Stern Records",0.486,0.897,5,-7.28,0,0.302,0.848,0.954,0.108,0.615,171.819,4
spotify:track:57ljwfTaSCaUA72A2GOm2s,"Born Through","Atlas of Green","Dialect",2024-09-20,148656,9,false,1210603825,2024-12-05T14:29:10Z,"electroacoustic,ambient jazz,experimental jazz,ambient,experimental","RVNG Intl.",0.396,0.455,9,-10.513,1,0.0311,0.143,0.786,0.147,0.104,80.043,4
spotify:track:2SdAAnHTzKei7SHETNhcCw,"Da Da da","Pedestrians Of Bright Silence","Jespfur",2024-01-12,186250,39,false,1210603825,2024-12-04T23:08:57Z,"","10k",0.607,0.362,7,-12.926,0,0.0257,0.279,0.479,0.191,0.18,103.977,4
spotify:track:33f4qrtPWsgEhPYx59du7c,"Superhuman","Moves in the Field","Kelly Moran",2024-03-29,272786,17,false,1210603825,2024-12-04T23:08:30Z,"ambient,electroacoustic,experimental,neoclassical","Warp Records",0.247,0.292,3,-21.071,0,0.0323,0.987,0.901,0.103,0.0816,86.323,4
